소환사명,티어,LP,레벨,승률,아이템1,아이템2,아이템3
Praesens,Diamond 3,5 LP,31,70%,부패 물약,란두인의 예언,루비 수정
Praesens,Diamond 3,5 LP,31,70%,도란의 방패,태양불꽃 방패,서리불꽃 건틀릿
Praesens,Diamond 3,5 LP,31,70%,가고일 돌갑옷,삼위일체,서리벼림 손아귀
Tumorcio,Diamond 3,1 LP,37,58%,판금 장화,발걸음 분쇄기,덤불 조끼
Tumorcio,Diamond 3,1 LP,37,58%,판금 장화,발걸음 분쇄기,가시 갑옷
Tumorcio,Diamond 3,1 LP,37,58%,헤르메스의 발걸음,발걸음 분쇄기,망자의 갑옷
1996 02 08,Diamond 3,0 LP,37,57%,망가진 초시계,크라켄 학살자,광전사의 군화
1996 02 08,Diamond 3,0 LP,37,57%,망가진 초시계,크라켄 학살자,유령 무희
1996 02 08,Diamond 3,0 LP,37,57%,도란의 검,크라켄 학살자,유령 무희
arımaμa,Diamond 3,0 LP,37,54%,몰락한 왕의 검,돌풍,나보리 신속검
Love island S5,Diamond 3,0 LP,37,58%,지평선의 초점,루덴의 폭풍,마법사의 신발
arımaμa,Diamond 3,0 LP,37,54%,민첩성의 망토,돌풍,신속의 장화
Love island S5,Diamond 3,0 LP,37,58%,자객의 발톱,징수의 총,명석함의 아이오니아 장화
arımaμa,Diamond 3,0 LP,37,54%,자객의 발톱,명석함의 아이오니아 장화,충전형 물약
Love island S5,Diamond 3,0 LP,37,58%,드락사르의 황혼검,독사의 송곳니,충전형 물약
supp gap hehe,Diamond 4,92 LP,36,74%,광휘의 검,민첩성의 망토,여신의 눈물
LXST CXNTURΥ,Diamond 4,92 LP,34,77%,여신의 눈물,수확의 낫,불멸의 철갑궁
supp gap hehe,Diamond 4,92 LP,36,74%,마법사의 신발,정수 약탈자,무라마나
LXST CXNTURΥ,Diamond 4,92 LP,34,77%,리안드리의 고뇌,마법사의 신발,악마의 포옹
supp gap hehe,Diamond 4,92 LP,36,74%,유령 무희,무한의 대검,민첩성의 망토
LXST CXNTURΥ,Diamond 4,92 LP,34,77%,곡괭이,부패 물약,판금 장화
yusigum,Diamond 4,87 LP,33,50%,도란의 검,유령 무희,크라켄 학살자
yusigum,Diamond 4,87 LP,33,50%,B.F. 대검,돌풍,제어 와드
yusigum,Diamond 4,87 LP,33,50%,처형인의 대검,수호 천사,B.F. 대검
Buff Sharing,Diamond 4,80 LP,36,67%,슈렐리아의 군가,메자이의 영혼약탈자,명석함의 아이오니아 장화
Buff Sharing,Diamond 4,80 LP,36,67%,슈렐리아의 군가,흐르는 물의 지팡이,구원
Buff Sharing,Diamond 4,80 LP,36,67%,슈렐리아의 군가,증폭의 고서,증폭의 고서
ThunderLordRobbe,Diamond 4,77 LP,38,65%,터보 화공 탱크,존야의 모래시계,내셔의 이빨
ThunderLordRobbe,Diamond 4,77 LP,38,65%,균열 생성기,점화석,도란의 반지
ThunderLordRobbe,Diamond 4,77 LP,38,65%,가고일 돌갑옷,터보 화공 탱크,명석함의 아이오니아 장화
IIlIIllllIIIIIll,Diamond 4,75 LP,37,58%,악마의 포옹,존야의 모래시계,명석함의 아이오니아 장화
IIlIIllllIIIIIll,Diamond 4,75 LP,37,58%,무라마나,자객의 발톱,신성한 파괴자
IIlIIllllIIIIIll,Diamond 4,75 LP,37,58%,얼어붙은 심장,란두인의 예언,헤르메스의 발걸음
Inarmillitan,Diamond 4,63 LP,38,58%,도란의 검,몰락한 왕의 검,헤르메스의 발걸음
Inarmillitan,Diamond 4,63 LP,38,58%,곡괭이,발걸음 분쇄기,신속의 장화
Inarmillitan,Diamond 4,63 LP,38,58%,악마의 마법서,만년서리,명석함의 아이오니아 장화
Prince9z,Diamond 4,60 LP,37,68%,명석함의 아이오니아 장화,도란의 반지,내셔의 이빨
Prince9z,Diamond 4,60 LP,37,68%,명석함의 아이오니아 장화,도미닉 경의 인사,자객의 발톱
Prince9z,Diamond 4,60 LP,37,68%,마법사의 신발,메자이의 영혼약탈자,마법공학 로켓 벨트
TwitchTv lolasta,Diamond 4,59 LP,37,62%,얼음 정수의 파편,월석 재생기,불타는 향로
Korrupnot,Diamond 4,59 LP,37,60%,얼음 정수의 파편,월석 재생기,미카엘의 축복
TwitchTv lolasta,Diamond 4,59 LP,37,62%,얼음 정수의 파편,월석 재생기,불타는 향로
Korrupnot,Diamond 4,59 LP,37,60%,몰락한 왕의 검,덤불 조끼,은빛 여명
TwitchTv lolasta,Diamond 4,59 LP,37,62%,도란의 검,크라켄 학살자,광전사의 군화
Korrupnot,Diamond 4,59 LP,37,60%,도란의 검,충전형 물약,크라켄 학살자
Contagion,Diamond 4,55 LP,37,66%,굶주린 히드라,삼위일체,곡괭이
Contagion,Diamond 4,55 LP,37,66%,돌풍,나보리 신속검,무한의 대검
Contagion,Diamond 4,55 LP,37,66%,돌풍,최후의 속삭임,광전사의 군화
viper3zz,Diamond 4,45 LP,38,80%,광전사의 군화,크라켄 학살자,무한의 대검
viper3zz,Diamond 4,45 LP,38,80%,광전사의 군화,크라켄 학살자,제어 와드
viper3zz,Diamond 4,45 LP,38,80%,광전사의 군화,크라켄 학살자,롱소드
Dragonite Lv99,Diamond 4,36 LP,36,67%,리안드리의 고뇌,존야의 모래시계,모렐로노미콘
Musti YANÇAR,Diamond 4,36 LP,37,65%,망가진 초시계,방출의 마법봉,점화석
Dragonite Lv99,Diamond 4,36 LP,36,67%,태양불꽃 방패,가시 갑옷,메자이의 영혼약탈자
Musti YANÇAR,Diamond 4,36 LP,37,65%,추적자의 팔목 보호대,밤의 수확자,망가진 초시계
Dragonite Lv99,Diamond 4,36 LP,36,67%,마법사의 신발,에테르 환영,마법공학 로켓 벨트
Musti YANÇAR,Diamond 4,36 LP,37,65%,충전형 물약,마법사의 신발,마법공학 로켓 벨트
Darkrai Lv99,Diamond 4,35 LP,36,67%,광전사의 군화,크라켄 학살자,유령 무희
SL4MDUNK,Diamond 4,35 LP,37,63%,독사의 송곳니,자객의 발톱,명석함의 아이오니아 장화
Darkrai Lv99,Diamond 4,35 LP,36,67%,광전사의 군화,돌풍,수은 장식띠
SL4MDUNK,Diamond 4,35 LP,37,63%,발걸음 분쇄기,스테락의 도전,루비 수정
Darkrai Lv99,Diamond 4,35 LP,36,67%,발걸음 분쇄기,스테락의 도전,루비 수정
SL4MDUNK,Diamond 4,35 LP,37,63%,발걸음 분쇄기,천 갑옷,대자연의 힘
Scriabin abuser,Diamond 4,29 LP,35,78%,명석함의 아이오니아 장화,존야의 모래시계,리치베인
Scriabin abuser,Diamond 4,29 LP,35,78%,월식,명석함의 아이오니아 장화,제어 와드
Scriabin abuser,Diamond 4,29 LP,35,78%,월식,명석함의 아이오니아 장화,제어 와드
weak egg,Diamond 4,28 LP,34,47%,얼음 정수의 파편,제국의 명령,명석함의 아이오니아 장화
weak egg,Diamond 4,28 LP,34,47%,얼음 송곳니,월석 재생기,명석함의 아이오니아 장화
weak egg,Diamond 4,28 LP,34,47%,얼음 정수의 파편,망각의 구,제국의 명령
Crozode 321,Diamond 4,24 LP,36,61%,가시 갑옷,터보 화공 탱크,마법무효화의 망토
SCP 0988,Diamond 4,24 LP,37,66%,부패 물약,태양불꽃 방패,헤르메스의 발걸음
Crozode 321,Diamond 4,24 LP,36,61%,판금 장화,스테락의 도전,발걸음 분쇄기
SCP 0988,Diamond 4,24 LP,37,66%,징수의 총,유령 무희,광전사의 군화
Crozode 321,Diamond 4,24 LP,36,61%,마법사의 신발,신록의 장벽,라일라이의 수정홀
SCP 0988,Diamond 4,24 LP,37,66%,도란의 검,명석함의 아이오니아 장화,징수의 총
GOOGLOMGLIA,Diamond 4,22 LP,37,65%,월식,판금 장화,수호 천사
SoloQFun,Diamond 4,22 LP,36,58%,마법사의 신발,밤의 수확자,존야의 모래시계
GOOGLOMGLIA,Diamond 4,22 LP,37,65%,드락사르의 황혼검,명석함의 아이오니아 장화,요우무의 유령검
SoloQFun,Diamond 4,22 LP,36,58%,선혈포식자,탐식의 망치,화공 펑크 사슬검
GOOGLOMGLIA,Diamond 4,22 LP,37,65%,발걸음 분쇄기,가시 갑옷,스테락의 도전
SoloQFun,Diamond 4,22 LP,36,58%,발걸음 분쇄기,란두인의 예언,판금 장화
beifengQAQ,Diamond 4,20 LP,37,68%,밤의 수확자,존야의 모래시계,충전형 물약
trxsh fear,Diamond 4,20 LP,38,60%,선혈포식자,돌풍,판금 장화
beifengQAQ,Diamond 4,20 LP,37,68%,도미닉 경의 인사,돌풍,헤르메스의 발걸음
trxsh fear,Diamond 4,20 LP,38,60%,롱소드,망가진 초시계,충전형 물약
beifengQAQ,Diamond 4,20 LP,37,68%,잉걸불 칼,라바돈의 죽음모자,충전형 물약
trxsh fear,Diamond 4,20 LP,38,60%,B.F. 대검,악마의 포옹,자객의 발톱
FLAGGED 24597372,Diamond 4,17 LP,38,66%,점화석,온기가 필요한 자의 도끼,부패 물약
FLAGGED 24597372,Diamond 4,17 LP,38,66%,판금 장화,스테락의 도전,발걸음 분쇄기
FLAGGED 24597372,Diamond 4,17 LP,38,66%,민첩성의 망토,신속의 장화,돌풍
top diff victim1,Diamond 4,16 LP,34,67%,판금 장화,존야의 모래시계,망각의 구
top diff victim1,Diamond 4,16 LP,34,67%,쓸데없이 큰 지팡이,만년서리,존야의 모래시계
top diff victim1,Diamond 4,16 LP,34,67%,곡괭이,발걸음 분쇄기,제어 와드
Storm Master,Diamond 4,8 LP,38,64%,천 갑옷,가시 갑옷,태양불꽃 방패
Storm Master,Diamond 4,8 LP,38,64%,발걸음 분쇄기,헤르메스의 발걸음,망자의 갑옷
Storm Master,Diamond 4,8 LP,38,64%,터보 화공 탱크,가고일 돌갑옷,비상의 월갑
jgl fair role,Diamond 4,7 LP,36,61%,도란의 검,불멸의 철갑궁,덤불 조끼
jgl fair role,Diamond 4,7 LP,36,61%,월식,밤의 끝자락,제어 와드
jgl fair role,Diamond 4,7 LP,36,61%,도란의 검,톱날 단검,충전형 물약
IIIllIIlIlIlII,Diamond 4,5 LP,36,57%,망가진 초시계,판금 장화,추적자의 팔목 보호대
IIIllIIlIlIlII,Diamond 4,5 LP,36,57%,크라켄 학살자,유령 무희,명석함의 아이오니아 장화
IIIllIIlIlIlII,Diamond 4,5 LP,36,57%,크라켄 학살자,열정의 검,명석함의 아이오니아 장화
dmforéloboost,Diamond 4,2 LP,37,63%,타곤 산의 방패,신속의 장화,제어 와드
dmforéloboost,Diamond 4,2 LP,37,63%,얼음 정수의 파편,명석함의 아이오니아 장화,제어 와드
dmforéloboost,Diamond 4,2 LP,37,63%,타곤 산의 방벽,슈렐리아의 군가,제어 와드
TheEdenPrοject,Diamond 4,1 LP,38,65%,타곤 산의 방패,강철의 솔라리 펜던트,충전형 물약
TheEdenPrοject,Diamond 4,1 LP,38,65%,태양불꽃 방패,가고일 돌갑옷,정령의 형상
TheEdenPrοject,Diamond 4,1 LP,38,65%,마법사의 신발,마법공학 로켓 벨트,존야의 모래시계
Pian PANINO,Diamond 4,1 LP,38,62%,톱날 단검,드락사르의 황혼검,밤의 끝자락
IICruncyWMIII,Diamond 4,1 LP,33,86%,드락사르의 황혼검,징수의 총,광전사의 군화
RÐC,Diamond 4,1 LP,36,77%,라바돈의 죽음모자,루덴의 폭풍,마법사의 신발
Faylennastin,Diamond 4,1 LP,34,75%,도란의 검,망자의 갑옷,판금 장화
Eiriedebric,Diamond 4,1 LP,35,69%,월식,대자연의 힘,헤르메스의 발걸음
Whíterοse,Diamond 4,1 LP,37,63%,모렐로노미콘,마법공학 로켓 벨트,마법사의 신발
animegirl1,Diamond 4,1 LP,36,65%,마법사의 신발,리안드리의 고뇌,무라마나
random toplane17,Diamond 4,1 LP,38,60%,악마의 포옹,대천사의 포옹,충전형 물약
ougbua,Diamond 4,1 LP,37,68%,여신의 눈물,모렐로노미콘,태양불꽃 방패
Pian PANINO,Diamond 4,1 LP,38,62%,부패 물약,만년서리,헤르메스의 발걸음
IICruncyWMIII,Diamond 4,1 LP,33,86%,부패 물약,월석 재생기,도란의 반지
RÐC,Diamond 4,1 LP,36,77%,명석함의 아이오니아 장화,월석 재생기,금지된 우상
Faylennastin,Diamond 4,1 LP,34,75%,스테락의 도전,몰락한 왕의 검,헤르메스의 발걸음
Eiriedebric,Diamond 4,1 LP,35,69%,자객의 발톱,무라마나,명석함의 아이오니아 장화
Whíterοse,Diamond 4,1 LP,37,63%,크라켄 학살자,흡혈의 낫,판금 장화
animegirl1,Diamond 4,1 LP,36,65%,크라켄 학살자,루난의 허리케인,광전사의 군화
random toplane17,Diamond 4,1 LP,38,60%,밤의 수확자,충전형 물약,명석함의 아이오니아 장화
ougbua,Diamond 4,1 LP,37,68%,명석함의 아이오니아 장화,처형인의 대검,드락사르의 황혼검
Pian PANINO,Diamond 4,1 LP,38,62%,우주의 추진력,만년서리,암흑의 인장
IICruncyWMIII,Diamond 4,1 LP,33,86%,암흑의 인장,만년서리,초시계
RÐC,Diamond 4,1 LP,36,77%,도란의 반지,대천사의 포옹,추적자의 팔목 보호대
Faylennastin,Diamond 4,1 LP,34,75%,망각의 구,존야의 모래시계,제어 와드
Eiriedebric,Diamond 4,1 LP,35,69%,발걸음 분쇄기,몰락한 왕의 검,덤불 조끼
Whíterοse,Diamond 4,1 LP,37,63%,내셔의 이빨,존야의 모래시계,거인의 허리띠
animegirl1,Diamond 4,1 LP,36,65%,충전형 물약,돌풍,무한의 대검
random toplane17,Diamond 4,1 LP,38,60%,무한의 대검,나보리 신속검,크라켄 학살자
ougbua,Diamond 4,1 LP,37,68%,부패 물약,몰락한 왕의 검,제어 와드
SKT T1 HYZENN,Diamond 4,1 LP,37,62%,얼어붙은 심장,란두인의 예언,서리불꽃 건틀릿
gzysume,Diamond 4,1 LP,38,74%,충전형 물약,발걸음 분쇄기,탐식의 망치
Kolamiz,Diamond 4,1 LP,37,70%,존야의 모래시계,만년서리,명석함의 아이오니아 장화
SILENCEE WHO,Diamond 4,1 LP,36,74%,티아맷,신성한 파괴자,스테락의 도전
SKT T1 HYZENN,Diamond 4,1 LP,37,62%,음전자 망토,태양불꽃 방패,비상의 월갑
gzysume,Diamond 4,1 LP,38,74%,망가진 초시계,덤불 조끼,판금 장화
Kolamiz,Diamond 4,1 LP,37,70%,얼음 정수의 파편,슈렐리아의 군가,명석함의 아이오니아 장화
SILENCEE WHO,Diamond 4,1 LP,36,74%,얼음 정수의 파편,밴들유리 거울,불타는 향로
SKT T1 HYZENN,Diamond 4,1 LP,37,62%,얼음 정수의 파편,제국의 명령,불타는 향로
gzysume,Diamond 4,1 LP,38,74%,광전사의 군화,도미닉 경의 인사,드락사르의 황혼검
Kolamiz,Diamond 4,1 LP,37,70%,존야의 모래시계,드락사르의 황혼검,광전사의 군화
SILENCEE WHO,Diamond 4,1 LP,36,74%,크라켄 학살자,루비 수정,헤르메스의 발걸음
mJhBurnell,Diamond 4,1 LP,36,63%,명석함의 아이오니아 장화,마법공학 로켓 벨트,제어 와드
Sett25cmschlong,Diamond 4,1 LP,35,65%,장화,자객의 발톱,제어 와드
Nameless Nobody,Diamond 4,1 LP,37,76%,헤르메스의 발걸음,자객의 발톱,징수의 총
mJhBurnell,Diamond 4,1 LP,36,63%,발걸음 분쇄기,판금 장화,스테락의 도전
Sett25cmschlong,Diamond 4,1 LP,35,65%,발걸음 분쇄기,판금 장화,정령의 형상
Nameless Nobody,Diamond 4,1 LP,37,76%,발걸음 분쇄기,몰락한 왕의 검,판금 장화
mJhBurnell,Diamond 4,1 LP,36,63%,티아맷,발걸음 분쇄기,거인의 허리띠
Sett25cmschlong,Diamond 4,1 LP,35,65%,도란의 검,발걸음 분쇄기,정수 약탈자
Nameless Nobody,Diamond 4,1 LP,37,76%,탐식의 망치,발걸음 분쇄기,거대한 히드라
geilomoi,Diamond 4,1 LP,38,70%,무한의 대검,돌풍,신속의 장화
geilomoi,Diamond 4,1 LP,38,70%,신속의 장화,돌풍,징수의 총
geilomoi,Diamond 4,1 LP,38,70%,고속 연사포,돌풍,신속의 장화
no sad no badd,Diamond 4,0 LP,37,63%,만년서리,망각의 구,망가진 초시계
no sad no badd,Diamond 4,0 LP,37,63%,망가진 초시계,암흑의 인장,증폭의 고서
no sad no badd,Diamond 4,0 LP,37,63%,초시계,암흑의 인장,망각의 구
Higennont,Diamond 4,0 LP,38,56%,부패 물약,루덴의 폭풍,마법사의 신발
iidmhxp,Diamond 4,0 LP,35,68%,우주의 추진력,존야의 모래시계,만년서리
cat collector,Diamond 4,0 LP,36,67%,무라마나,드락사르의 황혼검,명석함의 아이오니아 장화
pov youre my dog,Diamond 4,0 LP,37,55%,도란의 검,불멸의 철갑궁,처형인의 대검
Higennont,Diamond 4,0 LP,38,56%,도란의 검,마법공학 로켓 벨트,리치베인
iidmhxp,Diamond 4,0 LP,35,68%,암흑의 인장,불멸의 철갑궁,열정의 검
cat collector,Diamond 4,0 LP,36,67%,크라켄 학살자,광전사의 군화,무한의 대검
pov youre my dog,Diamond 4,0 LP,37,55%,잉걸불 칼,광전사의 군화,제어 와드
Higennont,Diamond 4,0 LP,38,56%,점화석,강철의 솔라리 펜던트,충전형 물약
iidmhxp,Diamond 4,0 LP,35,68%,빗발칼날,충전형 물약,암흑의 인장
cat collector,Diamond 4,0 LP,36,67%,몰락한 왕의 검,추적자의 팔목 보호대,내셔의 이빨
pov youre my dog,Diamond 4,0 LP,37,55%,초시계,추적자의 팔목 보호대,추적자의 팔목 보호대
Not WinnabIe,Diamond 4,0 LP,34,57%,굶주린 히드라,삼위일체,천 갑옷
Kanaken Raus,Diamond 4,0 LP,38,64%,도란의 검,삼위일체,굶주린 히드라
Not WinnabIe,Diamond 4,0 LP,34,57%,도란의 검,삼위일체,티아맷
Kanaken Raus,Diamond 4,0 LP,38,64%,초시계 키트,부패 물약,최후의 속삭임
Not WinnabIe,Diamond 4,0 LP,34,57%,밤의 끝자락,자객의 발톱,밤의 끝자락
Kanaken Raus,Diamond 4,0 LP,38,64%,독사의 송곳니,자객의 발톱,곡괭이
Good Game Seeker,Diamond 4,0 LP,38,52%,광전사의 군화,충전형 물약,드락사르의 황혼검
ercher,Diamond 4,0 LP,36,71%,존야의 모래시계,망각의 구,징수의 총
Call IT Adc Dif,Diamond 4,0 LP,38,65%,광전사의 군화,드락사르의 황혼검,존야의 모래시계
Good Game Seeker,Diamond 4,0 LP,38,52%,광전사의 군화,드락사르의 황혼검,징수의 총
ercher,Diamond 4,0 LP,36,71%,크라켄 학살자,판금 장화,루비 수정
Call IT Adc Dif,Diamond 4,0 LP,38,65%,크라켄 학살자,헤르메스의 발걸음,온기가 필요한 자의 도끼
Good Game Seeker,Diamond 4,0 LP,38,52%,돌풍,정수 약탈자,도미닉 경의 인사
ercher,Diamond 4,0 LP,36,71%,돌풍,정수 약탈자,도란의 검
Call IT Adc Dif,Diamond 4,0 LP,38,65%,돌풍,필멸자의 운명,정수 약탈자
opous,Diamond 4,0 LP,37,78%,도란의 검,광전사의 군화,유령 무희
opous,Diamond 4,0 LP,37,78%,도란의 검,선혈포식자,헤르메스의 발걸음
opous,Diamond 4,0 LP,37,78%,도란의 방패,선혈포식자,판금 장화
Sharοn99,Diamond 4,0 LP,37,68%,충전형 물약,존야의 모래시계,불멸의 철갑궁
Hage99,Diamond 4,0 LP,37,68%,도란의 방패,충전형 물약,방출의 마법봉
Sharοn99,Diamond 4,0 LP,37,68%,암흑의 인장,충전형 물약,라바돈의 죽음모자
Hage99,Diamond 4,0 LP,37,68%,명석함의 아이오니아 장화,월식,독사의 송곳니
Sharοn99,Diamond 4,0 LP,37,68%,장화,자객의 발톱,밤의 끝자락
Hage99,Diamond 4,0 LP,37,68%,빗발칼날,충전형 물약,초시계
month of rain,Platinum 1,100 LP,38,68%,도란의 검,크라켄 학살자,구인수의 격노검
month of rain,Platinum 1,100 LP,38,68%,도란의 검,크라켄 학살자,무한의 대검
month of rain,Platinum 1,100 LP,38,68%,도란의 검,폭풍갈퀴,돌풍
fkin inter,Platinum 1,100 LP,34,67%,마법사의 신발,마법공학 로켓 벨트,공허의 지팡이
viking matyáš,Platinum 1,100 LP,36,72%,대천사의 포옹,만년서리,라바돈의 죽음모자
fkin inter,Platinum 1,100 LP,34,67%,태양불꽃 방패,망자의 갑옷,덤불 조끼
viking matyáš,Platinum 1,100 LP,36,72%,타곤 산의 방패,명석함의 아이오니아 장화,점화석
fkin inter,Platinum 1,100 LP,34,67%,얼음 정수의 파편,명석함의 아이오니아 장화,증폭의 고서
viking matyáš,Platinum 1,100 LP,36,72%,얼음 정수의 파편,불타는 향로,금지된 우상
Jamervean,Platinum 1,100 LP,36,66%,도란의 검,수확의 낫,롱소드
Indraisaso,Platinum 1,100 LP,36,57%,도란의 검,크라켄 학살자,제어 와드
Warntush,Platinum 1,100 LP,35,59%,도란의 검,무라마나,명석함의 아이오니아 장화
PXO,Platinum 1,100 LP,35,77%,망가진 초시계,징수의 총,광전사의 군화
adeline fan acc,Platinum 1,100 LP,31,41%,암흑의 인장,마법공학 로켓 벨트,광휘의 검
coingen,Platinum 1,100 LP,37,68%,리치베인,마법공학 로켓 벨트,마법사의 신발
nqbzdoga,Platinum 1,100 LP,36,66%,무한의 대검,피바라기,B.F. 대검
lIlIIllIlIlIl,Platinum 1,100 LP,38,58%,도란의 검,크라켄 학살자,광전사의 군화
umxaslmp,Platinum 1,100 LP,32,59%,무한의 대검,크라켄 학살자,광전사의 군화
eXzer,Platinum 1,100 LP,38,61%,크라켄 학살자,유령 무희,처형인의 대검
Ofenosv2,Platinum 1,100 LP,36,59%,징수의 총,불멸의 철갑궁,피바라기
Jamervean,Platinum 1,100 LP,36,66%,도란의 검,돌풍,제어 와드
Indraisaso,Platinum 1,100 LP,36,57%,밤의 수확자,역병의 보석,존야의 모래시계
Warntush,Platinum 1,100 LP,35,59%,충전형 물약,마법사의 신발,만년서리
PXO,Platinum 1,100 LP,35,77%,명석함의 아이오니아 장화,밤의 수확자,제어 와드
adeline fan acc,Platinum 1,100 LP,31,41%,리안드리의 고뇌,암흑의 인장,마법공학 교류 발전기
coingen,Platinum 1,100 LP,37,68%,덤불 조끼,부패 물약,티아맷
nqbzdoga,Platinum 1,100 LP,36,66%,서리불꽃 건틀릿,스테락의 도전,덤불 조끼
lIlIIllIlIlIl,Platinum 1,100 LP,38,58%,마법공학 로켓 벨트,존야의 모래시계,내셔의 이빨
umxaslmp,Platinum 1,100 LP,32,59%,암흑의 인장,방출의 마법봉,증폭의 고서
eXzer,Platinum 1,100 LP,38,61%,만년서리,존야의 모래시계,우주의 추진력
Ofenosv2,Platinum 1,100 LP,36,59%,자객의 발톱,무라마나,도미닉 경의 인사
Jamervean,Platinum 1,100 LP,36,66%,루덴의 폭풍,암흑의 인장,존야의 모래시계
Indraisaso,Platinum 1,100 LP,36,57%,자객의 발톱,무라마나,명석함의 아이오니아 장화
Warntush,Platinum 1,100 LP,35,59%,도란의 반지,존야의 모래시계,증폭의 고서
PXO,Platinum 1,100 LP,35,77%,터보 화공 탱크,여신의 눈물,여신의 눈물
adeline fan acc,Platinum 1,100 LP,31,41%,선혈포식자,거인의 허리띠,콜필드의 전투 망치
coingen,Platinum 1,100 LP,37,68%,헤르메스의 시미터,돌풍,도미닉 경의 인사
nqbzdoga,Platinum 1,100 LP,36,66%,수은 장식띠,광전사의 군화,구인수의 격노검
lIlIIllIlIlIl,Platinum 1,100 LP,38,58%,광전사의 군화,돌풍,징수의 총
umxaslmp,Platinum 1,100 LP,32,59%,충전형 물약,존야의 모래시계,증폭의 고서
eXzer,Platinum 1,100 LP,38,61%,명석함의 아이오니아 장화,존야의 모래시계,리안드리의 고뇌
Ofenosv2,Platinum 1,100 LP,36,59%,리안드리의 고뇌,존야의 모래시계,우주의 추진력
G2 PoloG,Platinum 1,100 LP,37,61%,존야의 모래시계,리안드리의 고뇌,거인의 허리띠
Agent Smith MR5,Platinum 1,100 LP,37,68%,선혈포식자,판금 장화,제어 와드
Σουρί,Platinum 1,100 LP,35,64%,자객의 발톱,명석함의 아이오니아 장화,요우무의 유령검
Yzjglzsd,Platinum 1,100 LP,35,68%,리안드리의 고뇌,여신의 눈물,망각의 구
soft heart,Platinum 1,100 LP,37,63%,리안드리의 고뇌,망가진 초시계,대천사의 포옹
Azyphel,Platinum 1,100 LP,36,66%,여신의 눈물,리안드리의 고뇌,쓸데없이 큰 지팡이
TUEUR DE JUIF,Platinum 1,100 LP,35,71%,리안드리의 고뇌,존야의 모래시계,제어 와드
Riås Gremôry,Platinum 1,100 LP,37,63%,망각의 구,존야의 모래시계,제어 와드
sugar pIum,Platinum 1,100 LP,36,66%,마법사의 신발,존야의 모래시계,밴시의 장막
G2 PoloG,Platinum 1,100 LP,37,61%,부패 물약,대천사의 포옹,초시계
Agent Smith MR5,Platinum 1,100 LP,37,68%,부패 물약,대천사의 지팡이,암흑의 인장
Σουρί,Platinum 1,100 LP,35,64%,부패 물약,대천사의 포옹,암흑의 인장
Yzjglzsd,Platinum 1,100 LP,35,68%,명석함의 아이오니아 장화,자객의 발톱,밤의 끝자락
soft heart,Platinum 1,100 LP,37,63%,천 갑옷,터보 화공 탱크,천 갑옷
Azyphel,Platinum 1,100 LP,36,66%,도란의 방패,충전형 물약,거대한 히드라
TUEUR DE JUIF,Platinum 1,100 LP,35,71%,마법사의 신발,초시계,밤의 수확자
Riås Gremôry,Platinum 1,100 LP,37,63%,선혈포식자,초시계,쇠사슬 조끼
sugar pIum,Platinum 1,100 LP,36,66%,선혈포식자,망가진 초시계,쇠사슬 조끼
G2 PoloG,Platinum 1,100 LP,37,61%,핏빛 칼날,최후의 속삭임,징수의 총
Agent Smith MR5,Platinum 1,100 LP,37,68%,도란의 검,크라켄 학살자,판금 장화
Σουρί,Platinum 1,100 LP,35,64%,도란의 검,수호 천사,핏빛 칼날
Yzjglzsd,Platinum 1,100 LP,35,68%,발걸음 분쇄기,비상의 월갑,폭풍갈퀴
soft heart,Platinum 1,100 LP,37,63%,란두인의 예언,화공 펑크 사슬검,몰락한 왕의 검
Azyphel,Platinum 1,100 LP,36,66%,발걸음 분쇄기,망자의 갑옷,도란의 방패
TUEUR DE JUIF,Platinum 1,100 LP,35,71%,타곤 산의 방벽,슈렐리아의 군가,망각의 구
Riås Gremôry,Platinum 1,100 LP,37,63%,얼음 송곳니,슈렐리아의 군가,증폭의 고서
sugar pIum,Platinum 1,100 LP,36,66%,얼음 정수의 파편,슈렐리아의 군가,증폭의 고서
Hardstyleboi,Platinum 1,100 LP,36,58%,광전사의 군화,곡궁,부패 물약
JestemKotem,Platinum 1,100 LP,36,64%,부패 물약,정수 약탈자,톱날 단검
Kiorwnaldent,Platinum 1,100 LP,36,70%,죽음의 무도,굶주린 히드라,자객의 발톱
CEO of piss,Platinum 1,100 LP,37,65%,도란의 검,크라켄 학살자,광전사의 군화
xjsjm,Platinum 1,100 LP,35,72%,도란의 검,드락사르의 황혼검,독사의 송곳니
pxexuirda,Platinum 1,100 LP,35,68%,도란의 검,크라켄 학살자,광전사의 군화
kXzZfEllis,Platinum 1,100 LP,35,68%,초시계,부패 물약,만년서리
Rebidsa,Platinum 1,100 LP,37,57%,존야의 모래시계,부패 물약,만년서리
dRyLLeo,Platinum 1,100 LP,37,60%,리안드리의 고뇌,부패 물약,쓸데없이 큰 지팡이
Hardstyleboi,Platinum 1,100 LP,36,58%,드락사르의 황혼검,크라켄 학살자,몰락한 왕의 검
JestemKotem,Platinum 1,100 LP,36,64%,몰락한 왕의 검,광전사의 군화,징수의 총
Kiorwnaldent,Platinum 1,100 LP,36,70%,크라켄 학살자,크라켄 학살자,헤르메스의 발걸음
CEO of piss,Platinum 1,100 LP,37,65%,칠흑의 양날 도끼,도란의 검,도란의 검
xjsjm,Platinum 1,100 LP,35,72%,칠흑의 양날 도끼,죽음의 무도,수호 천사
pxexuirda,Platinum 1,100 LP,35,68%,칠흑의 양날 도끼,수호 천사,명석함의 아이오니아 장화
kXzZfEllis,Platinum 1,100 LP,35,68%,천 갑옷,선혈포식자,도란의 방패
Rebidsa,Platinum 1,100 LP,37,57%,음전자 망토,몰락한 왕의 검,판금 장화
dRyLLeo,Platinum 1,100 LP,37,60%,광휘의 검,균열 생성기,마법사의 신발
Hardstyleboi,Platinum 1,100 LP,36,58%,도란의 검,돌풍,신속의 장화
JestemKotem,Platinum 1,100 LP,36,64%,무라마나,신속의 장화,드락사르의 황혼검
Kiorwnaldent,Platinum 1,100 LP,36,70%,피바라기,돌풍,광전사의 군화
CEO of piss,Platinum 1,100 LP,37,65%,수호 천사,선혈포식자,판금 장화
xjsjm,Platinum 1,100 LP,35,72%,망가진 초시계,선혈포식자,헤르메스의 발걸음
pxexuirda,Platinum 1,100 LP,35,68%,만년서리,존야의 모래시계,망각의 구
kXzZfEllis,Platinum 1,100 LP,35,68%,B.F. 대검,광전사의 군화,도미닉 경의 인사
Rebidsa,Platinum 1,100 LP,37,57%,도란의 검,충전형 물약,광전사의 군화
dRyLLeo,Platinum 1,100 LP,37,60%,도란의 검,광전사의 군화,루난의 허리케인
Dynasty001,Platinum 1,100 LP,38,66%,무한의 대검,불멸의 철갑궁,징수의 총
BanditosBurritos,Platinum 1,100 LP,36,62%,징수의 총,불멸의 철갑궁,광전사의 군화
King Rammus V,Platinum 1,100 LP,37,65%,얼음 정수의 파편,불멸의 철갑궁,광전사의 군화
yMyRiZKerr,Platinum 1,100 LP,35,73%,화이트록의 갑옷,강철의 솔라리 펜던트,기동력의 장화
Dynasty001,Platinum 1,100 LP,38,66%,화이트록의 갑옷,강철의 솔라리 펜던트,기동력의 장화
BanditosBurritos,Platinum 1,100 LP,36,62%,고대유물 방패,점화석,장화
King Rammus V,Platinum 1,100 LP,37,65%,판금 장화,터보 화공 탱크,망자의 갑옷
yMyRiZKerr,Platinum 1,100 LP,35,73%,덤불 조끼,터보 화공 탱크,제어 와드
Dynasty001,Platinum 1,100 LP,38,66%,대자연의 힘,터보 화공 탱크,망자의 갑옷
BanditosBurritos,Platinum 1,100 LP,36,62%,곡괭이,돌풍,징수의 총
King Rammus V,Platinum 1,100 LP,37,65%,유령 무희,곡궁,광전사의 군화
yMyRiZKerr,Platinum 1,100 LP,35,73%,도란의 검,절정의 화살,곡괭이
Marta Lualdi,Platinum 1,100 LP,36,61%,얼음 정수의 파편,명석함의 아이오니아 장화,밴들유리 거울
Marta Lualdi,Platinum 1,100 LP,36,61%,얼음 송곳니,명석함의 아이오니아 장화,암흑의 인장
Marta Lualdi,Platinum 1,100 LP,36,61%,화이트록의 갑옷,명석함의 아이오니아 장화,강철의 솔라리 펜던트
Rias Megami,Platinum 1,100 LP,37,73%,신속의 장화,돌풍,민첩성의 망토
Shim Chi Buffoon,Platinum 1,100 LP,38,61%,마법사의 신발,암흑의 인장,공허의 지팡이
Cuda na kiju,Platinum 1,100 LP,38,62%,신속의 장화,돌풍,최후의 속삭임
Rias Megami,Platinum 1,100 LP,37,73%,판금 장화,란두인의 예언,라바돈의 죽음모자
Shim Chi Buffoon,Platinum 1,100 LP,38,61%,무한의 대검,크라켄 학살자,롱소드
Cuda na kiju,Platinum 1,100 LP,38,62%,도란의 검,크라켄 학살자,도미닉 경의 인사
Rias Megami,Platinum 1,100 LP,37,73%,존야의 모래시계,만년서리,암흑의 인장
Shim Chi Buffoon,Platinum 1,100 LP,38,61%,여신의 눈물,만년서리,명석함의 아이오니아 장화
Cuda na kiju,Platinum 1,100 LP,38,62%,존야의 모래시계,만년서리,밴시의 장막
Vxnøm,Platinum 1,100 LP,38,53%,도란의 방패,몰락한 왕의 검,판금 장화
Fauguhol,Platinum 1,100 LP,37,65%,크라켄 학살자,광전사의 군화,몰락한 왕의 검
Vxnøm,Platinum 1,100 LP,38,53%,무한의 대검,몰락한 왕의 검,크라켄 학살자
Fauguhol,Platinum 1,100 LP,37,65%,돌풍,독사의 송곳니,징수의 총
Vxnøm,Platinum 1,100 LP,38,53%,징수의 총,드락사르의 황혼검,드락사르의 황혼검
Fauguhol,Platinum 1,100 LP,37,65%,독사의 송곳니,절정의 화살,징수의 총
N0giz0n3,Platinum 1,100 LP,36,72%,유령 무희,맬모셔스의 아귀,몰락한 왕의 검
xSYLASMASTER420x,Platinum 1,99 LP,38,67%,유령 무희,B.F. 대검,몰락한 왕의 검
Jecaetutu,Platinum 1,99 LP,36,66%,무한의 대검,몰락한 왕의 검,크라켄 학살자
N0giz0n3,Platinum 1,100 LP,36,72%,존야의 모래시계,마법공학 로켓 벨트,마법사의 신발
xSYLASMASTER420x,Platinum 1,99 LP,38,67%,존야의 모래시계,마법공학 로켓 벨트,마법사의 신발
Jecaetutu,Platinum 1,99 LP,36,66%,존야의 모래시계,마법공학 로켓 벨트,마법사의 신발
N0giz0n3,Platinum 1,100 LP,36,72%,도란의 검,정수 약탈자,여신의 눈물
xSYLASMASTER420x,Platinum 1,99 LP,38,67%,돌풍,무한의 대검,헤르메스의 시미터
Jecaetutu,Platinum 1,99 LP,36,66%,무한의 대검,크라켄 학살자,광전사의 군화
femten år,Platinum 1,98 LP,36,67%,만년서리,존야의 모래시계,명석함의 아이오니아 장화
I am jungling xd,Platinum 1,98 LP,37,62%,만년서리,존야의 모래시계,명석함의 아이오니아 장화
femten år,Platinum 1,98 LP,36,67%,만년서리,존야의 모래시계,대천사의 포옹
I am jungling xd,Platinum 1,98 LP,37,62%,존야의 모래시계,충전형 물약,방출의 마법봉
femten år,Platinum 1,98 LP,36,67%,만년서리,음전자 망토,존야의 모래시계
I am jungling xd,Platinum 1,98 LP,37,62%,마법공학 로켓 벨트,충전형 물약,존야의 모래시계
Celestial eGirl,Platinum 1,96 LP,37,59%,내셔의 이빨,부패 물약,탐식의 망치
Celestial eGirl,Platinum 1,96 LP,37,59%,망가진 초시계,부패 물약,명석함의 아이오니아 장화
Celestial eGirl,Platinum 1,96 LP,37,59%,드락사르의 황혼검,충전형 물약,톱날 단검
Camerela,Platinum 1,92 LP,38,69%,굶주린 히드라,신성한 파괴자,도란의 검
Jeg Keder Mig XD,Platinum 1,92 LP,37,89%,만년서리,존야의 모래시계,메자이의 영혼약탈자
RosamariaJesu,Platinum 1,92 LP,35,68%,부패 물약,쓸데없이 큰 지팡이,무한의 대검
Camerela,Platinum 1,92 LP,38,69%,루덴의 폭풍,존야의 모래시계,명석함의 아이오니아 장화
Jeg Keder Mig XD,Platinum 1,92 LP,37,89%,쇠사슬 조끼,터보 화공 탱크,비상의 월갑
RosamariaJesu,Platinum 1,92 LP,35,68%,심연의 가면,터보 화공 탱크,제어 와드
Camerela,Platinum 1,92 LP,38,69%,콜필드의 전투 망치,거대한 히드라,신성한 파괴자
Jeg Keder Mig XD,Platinum 1,92 LP,37,89%,도란의 검,온기가 필요한 자의 도끼,헤르메스의 발걸음
RosamariaJesu,Platinum 1,92 LP,35,68%,가고일 돌갑옷,마법공학 로켓 벨트,음전자 망토
Tolokoxu,Platinum 1,91 LP,37,63%,터보 화공 탱크,가시 갑옷,망자의 갑옷
nolct,Platinum 1,91 LP,36,60%,터보 화공 탱크,거인의 허리띠,덤불 조끼
Tolokoxu,Platinum 1,91 LP,37,63%,마법사의 신발,충전형 물약,내셔의 이빨
nolct,Platinum 1,91 LP,36,60%,워모그의 갑옷,탐식의 망치,덤불 조끼
Tolokoxu,Platinum 1,91 LP,37,63%,도란의 방패,충전형 물약,판금 장화
nolct,Platinum 1,91 LP,36,60%,발걸음 분쇄기,몰락한 왕의 검,몰락한 왕의 검
Assert Domınance,Platinum 1,90 LP,36,67%,드락사르의 황혼검,충전형 물약,헤르메스의 발걸음
FEARRRRRRRRRRRRR,Platinum 1,90 LP,38,59%,만년서리,도란의 반지,마법사의 신발
SAUROOOOOOOOOOON,Platinum 1,90 LP,35,72%,마법사의 신발,내셔의 이빨,마법사의 신발
Budget Kireii,Platinum 1,90 LP,38,65%,도란의 검,롱소드,방출의 마법봉
Carreneet,Platinum 1,90 LP,38,62%,마법사의 신발,충전형 물약,내셔의 이빨
trickster humble,Platinum 1,90 LP,35,66%,존야의 모래시계,균열 생성기,장화
päikkärit,Platinum 1,90 LP,36,71%,도란의 검,크라켄 학살자,곡괭이
XxMacius69PLxX,Platinum 1,90 LP,37,82%,도란의 검,절정의 화살,충전형 물약
CHINA ANYPERCENT,Platinum 1,90 LP,36,69%,B.F. 대검,크라켄 학살자,광전사의 군화
uynwpa,Platinum 1,90 LP,36,68%,마법사의 신발,암흑의 인장,충전형 물약
SNORT BOB,Platinum 1,90 LP,35,62%,존야의 모래시계,마법사의 신발,망각의 구
Assert Domınance,Platinum 1,90 LP,36,67%,존야의 모래시계,쓸데없이 큰 지팡이,공허의 지팡이
FEARRRRRRRRRRRRR,Platinum 1,90 LP,38,59%,곡괭이,광전사의 군화,크라켄 학살자
SAUROOOOOOOOOOON,Platinum 1,90 LP,35,72%,몰락한 왕의 검,광전사의 군화,크라켄 학살자
Budget Kireii,Platinum 1,90 LP,38,65%,여신의 눈물,불멸의 철갑궁,광전사의 군화
Carreneet,Platinum 1,90 LP,38,62%,메자이의 영혼약탈자,마법공학 로켓 벨트,존야의 모래시계
trickster humble,Platinum 1,90 LP,35,66%,충전형 물약,삼위일체,티아맷
päikkärit,Platinum 1,90 LP,36,71%,피바라기,만년서리,존야의 모래시계
XxMacius69PLxX,Platinum 1,90 LP,37,82%,명석함의 아이오니아 장화,충전형 물약,그림자 검
CHINA ANYPERCENT,Platinum 1,90 LP,36,69%,톱날 단검,명석함의 아이오니아 장화,정수 약탈자
uynwpa,Platinum 1,90 LP,36,68%,그림자 검,드락사르의 황혼검,도미닉 경의 인사
SNORT BOB,Platinum 1,90 LP,35,62%,도란의 검,구인수의 격노검,수은 장식띠
Assert Domınance,Platinum 1,90 LP,36,67%,도란의 검,구인수의 격노검,롱소드
FEARRRRRRRRRRRRR,Platinum 1,90 LP,38,59%,도란의 검,무한의 대검,광전사의 군화
SAUROOOOOOOOOOON,Platinum 1,90 LP,35,72%,망각의 구,마법공학 로켓 벨트,마법사의 신발
Budget Kireii,Platinum 1,90 LP,38,65%,광전사의 군화,정수 약탈자,징수의 총
Carreneet,Platinum 1,90 LP,38,62%,칠흑의 양날 도끼,자객의 발톱,독사의 송곳니
trickster humble,Platinum 1,90 LP,35,66%,부패 물약,삼위일체,스테락의 도전
päikkärit,Platinum 1,90 LP,36,71%,마나무네,톱날 단검,루비 수정
XxMacius69PLxX,Platinum 1,90 LP,37,82%,부패 물약,스테락의 도전,삼위일체
CHINA ANYPERCENT,Platinum 1,90 LP,36,69%,광전사의 군화,유령 무희,크라켄 학살자
uynwpa,Platinum 1,90 LP,36,68%,광전사의 군화,체력 물약,무한의 대검
SNORT BOB,Platinum 1,90 LP,35,62%,마법사의 신발,돌풍,불멸의 철갑궁
I am not Türkish,Platinum 1,90 LP,37,58%,곡괭이,선혈포식자,판금 장화
wx zhao6582123ad,Platinum 1,90 LP,36,72%,도란의 방패,신성한 파괴자,망자의 갑옷
I am not Türkish,Platinum 1,90 LP,37,58%,망자의 갑옷,신성한 파괴자,천 갑옷
wx zhao6582123ad,Platinum 1,90 LP,36,72%,내셔의 이빨,충전형 물약,흡수의 시선
I am not Türkish,Platinum 1,90 LP,37,58%,광휘의 검,존야의 모래시계,메자이의 영혼약탈자
wx zhao6582123ad,Platinum 1,90 LP,36,72%,롱소드,존야의 모래시계,균열 생성기
clown ninja,Platinum 1,88 LP,36,67%,쓸데없이 큰 지팡이,만년서리,우주의 추진력
clown ninja,Platinum 1,88 LP,36,67%,존야의 모래시계,방출의 마법봉,광휘의 검
clown ninja,Platinum 1,88 LP,36,67%,무한의 대검,돌풍,피바라기
Bored IRL kms,Platinum 1,87 LP,33,60%,도란의 방패,서리불꽃 건틀릿,가시 갑옷
FAKELOVE257,Platinum 1,87 LP,34,69%,도란의 검,광전사의 군화,불멸의 철갑궁
Bored IRL kms,Platinum 1,87 LP,33,60%,도란의 방패,덤불 조끼,판금 장화
FAKELOVE257,Platinum 1,87 LP,34,69%,선혈포식자,정수 약탈자,제어 와드
Bored IRL kms,Platinum 1,87 LP,33,60%,선혈포식자,화공 펑크 사슬검,망가진 초시계
FAKELOVE257,Platinum 1,87 LP,34,69%,선혈포식자,굶주린 히드라,세릴다의 원한
GGO Desu Gan,Platinum 1,86 LP,34,66%,방출의 마법봉,만년서리,역병의 보석
GGO Desu Gan,Platinum 1,86 LP,34,66%,마나무네,발걸음 분쇄기,도란의 검
GGO Desu Gan,Platinum 1,86 LP,34,66%,무한의 대검,불멸의 철갑궁,피바라기
Me Bad MEntal,Platinum 1,85 LP,37,67%,마법사의 최후,몰락한 왕의 검,란두인의 예언
Jinx get Jinxed,Platinum 1,85 LP,35,78%,처형인의 대검,몰락한 왕의 검,수은 장식띠
drink water I,Platinum 1,85 LP,36,59%,무한의 대검,불멸의 철갑궁,수은 장식띠
Me Bad MEntal,Platinum 1,85 LP,37,67%,필멸자의 운명,도미닉 경의 인사,광전사의 군화
Jinx get Jinxed,Platinum 1,85 LP,35,78%,태풍,무한의 대검,징수의 총
drink water I,Platinum 1,85 LP,36,59%,무한의 대검,도란의 검,광전사의 군화
Me Bad MEntal,Platinum 1,85 LP,37,67%,얼음 정수의 파편,리안드리의 고뇌,방출의 마법봉
Jinx get Jinxed,Platinum 1,85 LP,35,78%,도란의 반지,밤의 수확자,마법사의 신발
drink water I,Platinum 1,85 LP,36,59%,수확의 낫,마나무네,광휘의 검
Delightful Agøny,Platinum 1,84 LP,34,66%,얼음 정수의 파편,명석함의 아이오니아 장화,제어 와드
Skoanzil,Platinum 1,84 LP,36,69%,타곤 산의 방벽,강철의 솔라리 펜던트,충전형 물약
Delightful Agøny,Platinum 1,84 LP,34,66%,강철 어깨 보호대,점화석,충전형 물약
Skoanzil,Platinum 1,84 LP,36,69%,부패 물약,태양불꽃 방패,판금 장화
Delightful Agøny,Platinum 1,84 LP,34,66%,콜필드의 전투 망치,처형인의 대검,삼위일체
Skoanzil,Platinum 1,84 LP,36,69%,부패 물약,불멸의 철갑궁,정수 약탈자
SAPPHIREFNX1,Platinum 1,83 LP,36,71%,만년서리,마법사의 신발,리치베인
madeleine abuser,Platinum 1,83 LP,32,50%,만년서리,암흑의 인장,마법사의 신발
SAPPHIREFNX1,Platinum 1,83 LP,36,71%,밤의 수확자,존야의 모래시계,메자이의 영혼약탈자
madeleine abuser,Platinum 1,83 LP,32,50%,밤의 수확자,마법사의 신발,제어 와드
SAPPHIREFNX1,Platinum 1,83 LP,36,71%,피바라기,불멸의 철갑궁,광전사의 군화
madeleine abuser,Platinum 1,83 LP,32,50%,도란의 반지,사라진 양피지,충전형 물약
Gigsxsex,Platinum 1,83 LP,36,63%,롱소드,판금 장화,발걸음 분쇄기
Gigsxsex,Platinum 1,83 LP,36,63%,망가진 초시계,충전형 물약,마법공학 로켓 벨트
Gigsxsex,Platinum 1,83 LP,36,63%,징수의 총,광전사의 군화,돌풍
Bengi Fanboy,Platinum 1,82 LP,38,86%,월식,정수 약탈자,도미닉 경의 인사
Bengi Fanboy,Platinum 1,82 LP,38,86%,월식,도미닉 경의 인사,명석함의 아이오니아 장화
Bengi Fanboy,Platinum 1,82 LP,38,86%,자객의 발톱,충전형 물약,정수 약탈자
Ale Mrozi,Platinum 1,80 LP,37,68%,명석함의 아이오니아 장화,화학공학 부패기,여신의 눈물
M Huncho Birds,Platinum 1,80 LP,35,78%,도란의 검,광전사의 군화,불멸의 철갑궁
Shrimpsz,Platinum 1,80 LP,35,62%,마법사의 신발,루덴의 폭풍,부패 물약
Ale Mrozi,Platinum 1,80 LP,37,68%,루덴의 폭풍,마법사의 신발,내셔의 이빨
M Huncho Birds,Platinum 1,80 LP,35,78%,밤의 수확자,마법사의 신발,우주의 추진력
Shrimpsz,Platinum 1,80 LP,35,62%,몰락한 왕의 검,스테락의 도전,발걸음 분쇄기
Ale Mrozi,Platinum 1,80 LP,37,68%,터보 화공 탱크,란두인의 예언,판금 장화
M Huncho Birds,Platinum 1,80 LP,35,78%,악마의 포옹,리안드리의 고뇌,마법사의 신발
Shrimpsz,Platinum 1,80 LP,35,62%,존야의 모래시계,밤의 수확자,광휘의 검
Whale Rider,Platinum 1,79 LP,31,45%,유령 무희,크라켄 학살자,광전사의 군화
AKALISYLASABUSER,Platinum 1,79 LP,31,33%,도란의 검,수확의 낫,곡괭이
Balerunk,Platinum 1,79 LP,35,65%,얼음 정수의 파편,명석함의 아이오니아 장화,슈렐리아의 군가
991884AA,Platinum 1,79 LP,38,65%,장화,여신의 눈물,자객의 발톱
Whale Rider,Platinum 1,79 LP,31,45%,광전사의 군화,절정의 화살,도란의 검
AKALISYLASABUSER,Platinum 1,79 LP,31,33%,광전사의 군화,도란의 검,불멸의 철갑궁
Balerunk,Platinum 1,79 LP,35,65%,만년서리,존야의 모래시계,명석함의 아이오니아 장화
991884AA,Platinum 1,79 LP,38,65%,타곤 산의 방패,강철의 솔라리 펜던트,제어 와드
Whale Rider,Platinum 1,79 LP,31,45%,검은 안개 낫,서리불꽃 건틀릿,제어 와드
AKALISYLASABUSER,Platinum 1,79 LP,31,33%,화이트록의 갑옷,슈렐리아의 군가,덤불 조끼
Balerunk,Platinum 1,79 LP,35,65%,타곤 산의 방패,마법공학 로켓 벨트,점화석
991884AA,Platinum 1,79 LP,38,65%,도란의 반지,마법공학 로켓 벨트,마법사의 신발
pipounn,Platinum 1,78 LP,37,72%,태양불꽃 방패,란두인의 예언,대자연의 힘
pipounn,Platinum 1,78 LP,37,72%,마법사의 신발,존야의 모래시계,증폭의 고서
pipounn,Platinum 1,78 LP,37,72%,명석함의 아이오니아 장화,선혈포식자,롱소드
20pulluppergame,Platinum 1,78 LP,32,47%,헤르메스의 발걸음,몰락한 왕의 검,크라켄 학살자
20pulluppergame,Platinum 1,78 LP,32,47%,광전사의 군화,크라켄 학살자,구인수의 격노검
20pulluppergame,Platinum 1,78 LP,32,47%,마법사의 신발,방출의 마법봉,사라진 양피지
Sora Riku Kairi,Platinum 1,77 LP,36,69%,스테락의 도전,수호 천사,죽음의 무도
Sora Riku Kairi,Platinum 1,77 LP,36,69%,충전형 물약,마법공학 로켓 벨트,마법사의 신발
Sora Riku Kairi,Platinum 1,77 LP,36,69%,충전형 물약,선혈포식자,제어 와드
